region;city;href_city;bank;bank_rank;href_bank
Алтайский край;Алейск;/banks/Altayskiy_kray/Aleysk/list/;Сбербанк России;1 место;/banks/bank/sberbank/
Алтайский край;Алейск;/banks/Altayskiy_kray/Aleysk/list/;Россельхозбанк;6 место;/banks/bank/rshb/
Алтайский край;Алейск;/banks/Altayskiy_kray/Aleysk/list/;Росбанк;13 место;/banks/bank/rosbank/
Алтайский край;Алейск;/banks/Altayskiy_kray/Aleysk/list/;Совкомбанк;20 место;/banks/bank/sovcombank/
Алтайский край;Алтайское;/banks/Altayskiy_kray/Altayskoe/list/;Сбербанк России;1 место;/banks/bank/sberbank/
Алтайский край;Алтайское;/banks/Altayskiy_kray/Altayskoe/list/;Совкомбанк;20 место;/banks/bank/sovcombank/
Алтайский край;Алтайское;/banks/Altayskiy_kray/Altayskoe/list/;Сибсоцбанк;355 место;/banks/bank/sibsocbank/
Алтайский край;Баево;/banks/Altayskiy_kray/Baevo/list/;Сбербанк России;1 место;/banks/bank/sberbank/
Алтайский край;Баево;/banks/Altayskiy_kray/Baevo/list/;Совкомбанк;20 место;/banks/bank/sovcombank/
Алтайский край;Барнаул;/banks/Barnaul/list/;Сбербанк России;1 место;/banks/bank/sberbank/
Алтайский край;Барнаул;/banks/Barnaul/list/;ВТБ;2 место;/banks/bank/vtb/
Алтайский край;Барнаул;/banks/Barnaul/list/;Газпромбанк;3 место;/banks/bank/gazprombank/
Алтайский край;Барнаул;/banks/Barnaul/list/;ФК Открытие;4 место;/banks/bank/fk_otkritie/
Алтайский край;Барнаул;/banks/Barnaul/list/;ВТБ 24;5 место;/banks/bank/vtb24/
Алтайский край;Барнаул;/banks/Barnaul/list/;Россельхозбанк;6 место;/banks/bank/rshb/
Алтайский край;Барнаул;/banks/Barnaul/list/;Альфа-Банк;7 место;/banks/bank/alfabank/
Алтайский край;Барнаул;/banks/Barnaul/list/;ЮниКредит Банк;10 место;/banks/bank/unicreditbank/
Алтайский край;Барнаул;/banks/Barnaul/list/;Промсвязьбанк;11 место;/banks/bank/promsvyazbank/
Алтайский край;Барнаул;/banks/Barnaul/list/;Росбанк;13 место;/banks/bank/rosbank/
Алтайский край;Барнаул;/banks/Barnaul/list/;Бинбанк;15 место;/banks/bank/binbank/
Алтайский край;Барнаул;/banks/Barnaul/list/;Ханты-Мансийский банк Открытие;18 место;/banks/bank/khmb/
Алтайский край;Барнаул;/banks/Barnaul/list/;Русский Стандарт;19 место;/banks/bank/rsb/
Алтайский край;Барнаул;/banks/Barnaul/list/;Совкомбанк;20 место;/banks/bank/sovcombank/
Алтайский край;Барнаул;/banks/Barnaul/list/;Ак Барс;21 место;/banks/bank/akbars/
Алтайский край;Белокуриха;/banks/Altayskiy_kray/Belokuriha/list/;Сбербанк России;1 место;/banks/bank/sberbank/
Алтайский край;Белокуриха;/banks/Altayskiy_kray/Belokuriha/list/;Россельхозбанк;6 место;/banks/bank/rshb/
Алтайский край;Белокуриха;/banks/Altayskiy_kray/Belokuriha/list/;Совкомбанк;20 место;/banks/bank/sovcombank/
Алтайский край;Белокуриха;/banks/Altayskiy_kray/Belokuriha/list/;ФорБанк;351 место;/banks/bank/forbank/
Алтайский край;Белокуриха;/banks/Altayskiy_kray/Belokuriha/list/;Сибсоцбанк;355 место;/banks/bank/sibsocbank/
Алтайский край;Белокуриха;/banks/Altayskiy_kray/Belokuriha/list/;Алтайкапиталбанк;428 место;/banks/bank/altaycapitalbank/
Алтайский край;Бийск;/banks/Altayskiy_kray/Biysk/list/;Сбербанк России;1 место;/banks/bank/sberbank/
Алтайский край;Бийск;/banks/Altayskiy_kray/Biysk/list/;Газпромбанк;3 место;/banks/bank/gazprombank/
Алтайский край;Бийск;/banks/Altayskiy_kray/Biysk/list/;ВТБ 24;5 место;/banks/bank/vtb24/
Алтайский край;Бийск;/banks/Altayskiy_kray/Biysk/list/;Россельхозбанк;6 место;/banks/bank/rshb/
Алтайский край;Бийск;/banks/Altayskiy_kray/Biysk/list/;Альфа-Банк;7 место;/banks/bank/alfabank/
Алтайский край;Бийск;/banks/Altayskiy_kray/Biysk/list/;Росбанк;13 место;/banks/bank/rosbank/
Алтайский край;Бийск;/banks/Altayskiy_kray/Biysk/list/;Совкомбанк;20 место;/banks/bank/sovcombank/
Алтайский край;Бийск;/banks/Altayskiy_kray/Biysk/list/;Национальный Банк «Траст»;30 место;/banks/bank/trust/
Алтайский край;Бийск;/banks/Altayskiy_kray/Biysk/list/;МДМ Банк;32 место;/banks/bank/mdmbank/
Алтайский край;Бийск;/banks/Altayskiy_kray/Biysk/list/;Азиатско-Тихоокеанский Банк;53 место;/banks/bank/atb/
Алтайский край;Бийск;/banks/Altayskiy_kray/Biysk/list/;Allbanks.ru;56 место;http://www.allbanks.ru/banks/russia/centre/moscow/8362/
Алтайский край;Бийск;/banks/Altayskiy_kray/Biysk/list/;Русфинанс Банк;70 место;/banks/bank/rusfinancebank/
Алтайский край;Бийск;/banks/Altayskiy_kray/Biysk/list/;Лето Банк;85 место;/banks/bank/letobank/
Алтайский край;Бийск;/banks/Altayskiy_kray/Biysk/list/;Межтопэнергобанк;108 место;/banks/bank/mteb/
Алтайский край;Бийск;/banks/Altayskiy_kray/Biysk/list/;АйМаниБанк;151 место;/banks/bank/aenbank/
Алтайский край;Благовещенка;/banks/Altayskiy_kray/Blagovesschenka/list/;Сбербанк России;1 место;/banks/bank/sberbank/
Алтайский край;Благовещенка;/banks/Altayskiy_kray/Blagovesschenka/list/;Россельхозбанк;6 место;/banks/bank/rshb/
Алтайский край;Благовещенка;/banks/Altayskiy_kray/Blagovesschenka/list/;Совкомбанк;20 место;/banks/bank/sovcombank/
Алтайский край;Благовещенка;/banks/Altayskiy_kray/Blagovesschenka/list/;Allbanks.ru;56 место;http://www.allbanks.ru/banks/russia/centre/moscow/8362/
Алтайский край;Боровиха;/banks/Altayskiy_kray/Boroviha/list/;Сбербанк России;1 место;/banks/bank/sberbank/
Алтайский край;Бурла;/banks/Altayskiy_kray/Burla/list/;Сбербанк России;1 место;/banks/bank/sberbank/
Алтайский край;Быстрый Исток;/banks/Altayskiy_kray/Byistryiy_Istok/list/;Сбербанк России;1 место;/banks/bank/sberbank/
Алтайский край;Быстрый Исток;/banks/Altayskiy_kray/Byistryiy_Istok/list/;Совкомбанк;20 место;/banks/bank/sovcombank/
Алтайский край;Верхняя Суетка;/banks/Altayskiy_kray/Verhnyaya_Suetka/list/;Сбербанк России;1 место;/banks/bank/sberbank/
Алтайский край;Веселоярск;/banks/Altayskiy_kray/Veseloyarsk/list/;Сбербанк России;1 место;/banks/bank/sberbank/
Алтайский край;Волчиха;/banks/Altayskiy_kray/Volchiha/list/;Сбербанк России;1 место;/banks/bank/sberbank/
Алтайский край;Волчиха;/banks/Altayskiy_kray/Volchiha/list/;Россельхозбанк;6 место;/banks/bank/rshb/
Алтайский край;Волчиха;/banks/Altayskiy_kray/Volchiha/list/;Совкомбанк;20 место;/banks/bank/sovcombank/
Алтайский край;Вылково;/banks/Altayskiy_kray/Vyilkovo/list/;Сбербанк России;1 место;/banks/bank/sberbank/
Алтайский край;Гальбштадт;/banks/Altayskiy_kray/Gal~bsshtadt/list/;Сбербанк России;1 место;/banks/bank/sberbank/
Алтайский край;Гилево;/banks/Altayskiy_kray/Gilevo/list/;Сбербанк России;1 место;/banks/bank/sberbank/
Алтайский край;Горняк;/banks/Altayskiy_kray/Gornyak/list/;Сбербанк России;1 место;/banks/bank/sberbank/
Алтайский край;Горняк;/banks/Altayskiy_kray/Gornyak/list/;Россельхозбанк;6 место;/banks/bank/rshb/
Алтайский край;Горняк;/banks/Altayskiy_kray/Gornyak/list/;Совкомбанк;20 место;/banks/bank/sovcombank/
Алтайский край;Горняк;/banks/Altayskiy_kray/Gornyak/list/;Allbanks.ru;56 место;http://www.allbanks.ru/banks/russia/centre/moscow/8362/
Алтайский край;Ельцовка;/banks/Altayskiy_kray/El~tssovka/list/;Сбербанк России;1 место;/banks/bank/sberbank/
Алтайский край;Завьялово;/banks/Altayskiy_kray/Zav~yalovo/list/;Сбербанк России;1 место;/banks/bank/sberbank/
Алтайский край;Завьялово;/banks/Altayskiy_kray/Zav~yalovo/list/;Россельхозбанк;6 место;/banks/bank/rshb/
Алтайский край;Завьялово;/banks/Altayskiy_kray/Zav~yalovo/list/;Совкомбанк;20 место;/banks/bank/sovcombank/
Алтайский край;Завьялово;/banks/Altayskiy_kray/Zav~yalovo/list/;Сибсоцбанк;355 место;/banks/bank/sibsocbank/
Алтайский край;Залесово;/banks/Altayskiy_kray/Zalesovo/list/;Сбербанк России;1 место;/banks/bank/sberbank/
Алтайский край;Залесово;/banks/Altayskiy_kray/Zalesovo/list/;Совкомбанк;20 место;/banks/bank/sovcombank/
Алтайский край;Заринск;/banks/Altayskiy_kray/Zarinsk/list/;Сбербанк России;1 место;/banks/bank/sberbank/
Алтайский край;Заринск;/banks/Altayskiy_kray/Zarinsk/list/;ВТБ 24;5 место;/banks/bank/vtb24/
Алтайский край;Заринск;/banks/Altayskiy_kray/Zarinsk/list/;Совкомбанк;20 место;/banks/bank/sovcombank/
Алтайский край;Заринск;/banks/Altayskiy_kray/Zarinsk/list/;Allbanks.ru;56 место;http://www.allbanks.ru/banks/russia/centre/moscow/8362/
Алтайский край;Заринск;/banks/Altayskiy_kray/Zarinsk/list/;Сибсоцбанк;355 место;/banks/bank/sibsocbank/
Алтайский край;Заринск;/banks/Altayskiy_kray/Zarinsk/list/;Алтайкапиталбанк;428 место;/banks/bank/altaycapitalbank/
Алтайский край;Змеиногорск;/banks/Altayskiy_kray/Zmeinogorsk/list/;Сбербанк России;1 место;/banks/bank/sberbank/
Алтайский край;Змеиногорск;/banks/Altayskiy_kray/Zmeinogorsk/list/;Совкомбанк;20 место;/banks/bank/sovcombank/
Алтайский край;Змеиногорск;/banks/Altayskiy_kray/Zmeinogorsk/list/;Allbanks.ru;56 место;http://www.allbanks.ru/banks/russia/centre/moscow/8362/
Алтайский край;Зональное;/banks/Altayskiy_kray/Zonal~noe/list/;Сбербанк России;1 место;/banks/bank/sberbank/
Алтайский край;Зональное;/banks/Altayskiy_kray/Zonal~noe/list/;Совкомбанк;20 место;/banks/bank/sovcombank/
Алтайский край;Калманка;/banks/Altayskiy_kray/Kalmanka/list/;Сбербанк России;1 место;/banks/bank/sberbank/
Алтайский край;Калманка;/banks/Altayskiy_kray/Kalmanka/list/;Allbanks.ru;56 место;http://www.allbanks.ru/banks/russia/centre/moscow/8362/
Алтайский край;Камень-на-Оби;/banks/Altayskiy_kray/Kamen~-na-Obi/list/;Сбербанк России;1 место;/banks/bank/sberbank/
Алтайский край;Камень-на-Оби;/banks/Altayskiy_kray/Kamen~-na-Obi/list/;Россельхозбанк;6 место;/banks/bank/rshb/
Алтайский край;Камень-на-Оби;/banks/Altayskiy_kray/Kamen~-na-Obi/list/;Совкомбанк;20 место;/banks/bank/sovcombank/
Алтайский край;Камень-на-Оби;/banks/Altayskiy_kray/Kamen~-na-Obi/list/;Сибсоцбанк;355 место;/banks/bank/sibsocbank/
Алтайский край;Камень-на-Оби;/banks/Altayskiy_kray/Kamen~-na-Obi/list/;Алтайкапиталбанк;428 место;/banks/bank/altaycapitalbank/
Алтайский край;Ключи;/banks/Altayskiy_kray/Klyuchi/list/;Сбербанк России;1 место;/banks/bank/sberbank/
Алтайский край;Ключи;/banks/Altayskiy_kray/Klyuchi/list/;Совкомбанк;20 место;/banks/bank/sovcombank/
Алтайский край;Колывань;/banks/Altayskiy_kray/Kolyivan~/list/;Сбербанк России;1 место;/banks/bank/sberbank/
Алтайский край;Косиха;/banks/Altayskiy_kray/Kosiha/list/;Сбербанк России;1 место;/banks/bank/sberbank/
Алтайский край;Косиха;/banks/Altayskiy_kray/Kosiha/list/;Совкомбанк;20 место;/banks/bank/sovcombank/
Алтайский край;Костин Лог;/banks/Altayskiy_kray/Kostin_Log/list/;Сбербанк России;1 место;/banks/bank/sberbank/
Алтайский край;Красногорское;/banks/Altayskiy_kray/Krasnogorskoe/list/;Сбербанк России;1 место;/banks/bank/sberbank/
Алтайский край;Красногорское;/banks/Altayskiy_kray/Krasnogorskoe/list/;Совкомбанк;20 место;/banks/bank/sovcombank/
Алтайский край;Краснощеково;/banks/Altayskiy_kray/Krasnosschekovo/list/;Сбербанк России;1 место;/banks/bank/sberbank/
Алтайский край;Краснощеково;/banks/Altayskiy_kray/Krasnosschekovo/list/;Россельхозбанк;6 место;/banks/bank/rshb/
Алтайский край;Краснощеково;/banks/Altayskiy_kray/Krasnosschekovo/list/;Совкомбанк;20 место;/banks/bank/sovcombank/
Алтайский край;Крутиха;/banks/Altayskiy_kray/Krutiha/list/;Сбербанк России;1 место;/banks/bank/sberbank/
Алтайский край;Крутиха;/banks/Altayskiy_kray/Krutiha/list/;Совкомбанк;20 место;/banks/bank/sovcombank/
Алтайский край;Кулунда;/banks/Altayskiy_kray/Kulunda/list/;Сбербанк России;1 место;/banks/bank/sberbank/
Алтайский край;Кулунда;/banks/Altayskiy_kray/Kulunda/list/;Россельхозбанк;6 место;/banks/bank/rshb/
Алтайский край;Кулунда;/banks/Altayskiy_kray/Kulunda/list/;Совкомбанк;20 место;/banks/bank/sovcombank/
Алтайский край;Курья;/banks/Altayskiy_kray/Kur~ya/list/;Сбербанк России;1 место;/banks/bank/sberbank/
Алтайский край;Курья;/banks/Altayskiy_kray/Kur~ya/list/;Совкомбанк;20 место;/banks/bank/sovcombank/
Алтайский край;Кытманово;/banks/Altayskiy_kray/Kyitmanovo/list/;Сбербанк России;1 место;/banks/bank/sberbank/
Алтайский край;Кытманово;/banks/Altayskiy_kray/Kyitmanovo/list/;Совкомбанк;20 место;/banks/bank/sovcombank/
Алтайский край;Малиновое Озеро;/banks/Altayskiy_kray/Malinovoe_Ozero/list/;Сбербанк России;1 место;/banks/bank/sberbank/
Алтайский край;Мамонтово;/banks/Altayskiy_kray/Mamontovo/list/;Сбербанк России;1 место;/banks/bank/sberbank/
Алтайский край;Мамонтово;/banks/Altayskiy_kray/Mamontovo/list/;Россельхозбанк;6 место;/banks/bank/rshb/
Алтайский край;Мамонтово;/banks/Altayskiy_kray/Mamontovo/list/;Совкомбанк;20 место;/banks/bank/sovcombank/
Алтайский край;Масальский;/banks/Altayskiy_kray/Masal~skiy/list/;Сбербанк России;1 место;/banks/bank/sberbank/
Алтайский край;Мирный (Зональный р-н);/banks/Altayskiy_kray/Mirnyiy_(Zonal~nyiy_r-n)/list/;Сбербанк России;1 место;/banks/bank/sberbank/
Алтайский край;Михайловское;/banks/Altayskiy_kray/Mihaylovskoe/list/;Сбербанк России;1 место;/banks/bank/sberbank/
Алтайский край;Михайловское;/banks/Altayskiy_kray/Mihaylovskoe/list/;Россельхозбанк;6 место;/banks/bank/rshb/
Алтайский край;Михайловское;/banks/Altayskiy_kray/Mihaylovskoe/list/;Совкомбанк;20 место;/banks/bank/sovcombank/
Алтайский край;Михайловское;/banks/Altayskiy_kray/Mihaylovskoe/list/;Сибсоцбанк;355 место;/banks/bank/sibsocbank/
Алтайский край;Налобиха;/banks/Altayskiy_kray/Nalobiha/list/;Сбербанк России;1 место;/banks/bank/sberbank/
Алтайский край;Нижнечуманка;/banks/Altayskiy_kray/Nizhnechumanka/list/;Сбербанк России;1 место;/banks/bank/sberbank/
Алтайский край;Новичиха;/banks/Altayskiy_kray/Novichiha/list/;Сбербанк России;1 место;/banks/bank/sberbank/
Алтайский край;Новичиха;/banks/Altayskiy_kray/Novichiha/list/;Совкомбанк;20 место;/banks/bank/sovcombank/
Алтайский край;Новоалтайск;/banks/Altayskiy_kray/Novoaltaysk/list/;Сбербанк России;1 место;/banks/bank/sberbank/
Алтайский край;Новоалтайск;/banks/Altayskiy_kray/Novoaltaysk/list/;ВТБ 24;5 место;/banks/bank/vtb24/
Алтайский край;Новоалтайск;/banks/Altayskiy_kray/Novoaltaysk/list/;Россельхозбанк;6 место;/banks/bank/rshb/
Алтайский край;Новоалтайск;/banks/Altayskiy_kray/Novoaltaysk/list/;Совкомбанк;20 место;/banks/bank/sovcombank/
Алтайский край;Новоалтайск;/banks/Altayskiy_kray/Novoaltaysk/list/;МДМ Банк;32 место;/banks/bank/mdmbank/
Алтайский край;Новоалтайск;/banks/Altayskiy_kray/Novoaltaysk/list/;Allbanks.ru;56 место;http://www.allbanks.ru/banks/russia/centre/moscow/8362/
Алтайский край;Новоалтайск;/banks/Altayskiy_kray/Novoaltaysk/list/;Авангард;57 место;/banks/bank/avangard/
Алтайский край;Новоалтайск;/banks/Altayskiy_kray/Novoaltaysk/list/;ФорБанк;351 место;/banks/bank/forbank/
Алтайский край;Новоалтайск;/banks/Altayskiy_kray/Novoaltaysk/list/;Алтайкапиталбанк;428 место;/banks/bank/altaycapitalbank/
Алтайский край;Новоегорьевское;/banks/Altayskiy_kray/Novoegor~evskoe/list/;Сбербанк России;1 место;/banks/bank/sberbank/
Алтайский край;Новоегорьевское;/banks/Altayskiy_kray/Novoegor~evskoe/list/;Совкомбанк;20 место;/banks/bank/sovcombank/
Алтайский край;Озерки (Тальменский р-н);/banks/Altayskiy_kray/Ozerki_(Tal~menskiy_r-n)/list/;Сбербанк России;1 место;/banks/bank/sberbank/
Алтайский край;Павловск;/banks/Altayskiy_kray/Pavlovsk/list/;Сбербанк России;1 место;/banks/bank/sberbank/
Алтайский край;Павловск;/banks/Altayskiy_kray/Pavlovsk/list/;Россельхозбанк;6 место;/banks/bank/rshb/
Алтайский край;Павловск;/banks/Altayskiy_kray/Pavlovsk/list/;Совкомбанк;20 место;/banks/bank/sovcombank/
Алтайский край;Павловск;/banks/Altayskiy_kray/Pavlovsk/list/;Allbanks.ru;56 место;http://www.allbanks.ru/banks/russia/centre/moscow/8362/
Алтайский край;Панкрушиха;/banks/Altayskiy_kray/Pankrusshiha/list/;Сбербанк России;1 место;/banks/bank/sberbank/
Алтайский край;Панкрушиха;/banks/Altayskiy_kray/Pankrusshiha/list/;Совкомбанк;20 место;/banks/bank/sovcombank/
Алтайский край;Первомайское;/banks/Altayskiy_kray/Pervomayskoe/list/;Сбербанк России;1 место;/banks/bank/sberbank/
Алтайский край;Петропавловское;/banks/Altayskiy_kray/Petropavlovskoe/list/;Сбербанк России;1 место;/banks/bank/sberbank/
Алтайский край;Петропавловское;/banks/Altayskiy_kray/Petropavlovskoe/list/;Совкомбанк;20 место;/banks/bank/sovcombank/
Алтайский край;поселок имени Мамонтова (Поспелихинский р-н);/banks/Altayskiy_kray/poselok_imeni_Mamontova_(Pospelihinskiy_r-n)/list/;Сбербанк России;1 место;/banks/bank/sberbank/
Алтайский край;Поспелиха;/banks/Altayskiy_kray/Pospeliha/list/;Сбербанк России;1 место;/banks/bank/sberbank/
Алтайский край;Поспелиха;/banks/Altayskiy_kray/Pospeliha/list/;Россельхозбанк;6 место;/banks/bank/rshb/
Алтайский край;Поспелиха;/banks/Altayskiy_kray/Pospeliha/list/;Совкомбанк;20 место;/banks/bank/sovcombank/
Алтайский край;Поспелиха;/banks/Altayskiy_kray/Pospeliha/list/;Allbanks.ru;56 место;http://www.allbanks.ru/banks/russia/centre/moscow/8362/
Алтайский край;Ребриха;/banks/Altayskiy_kray/Rebriha/list/;Сбербанк России;1 место;/banks/bank/sberbank/
Алтайский край;Ребриха;/banks/Altayskiy_kray/Rebriha/list/;Россельхозбанк;6 место;/banks/bank/rshb/
Алтайский край;Ребриха;/banks/Altayskiy_kray/Rebriha/list/;Совкомбанк;20 место;/banks/bank/sovcombank/
Алтайский край;Ребриха;/banks/Altayskiy_kray/Rebriha/list/;Allbanks.ru;56 место;http://www.allbanks.ru/banks/russia/centre/moscow/8362/
Алтайский край;Родино;/banks/Altayskiy_kray/Rodino/list/;Сбербанк России;1 место;/banks/bank/sberbank/
Алтайский край;Родино;/banks/Altayskiy_kray/Rodino/list/;Россельхозбанк;6 место;/banks/bank/rshb/
Алтайский край;Родино;/banks/Altayskiy_kray/Rodino/list/;Allbanks.ru;56 место;http://www.allbanks.ru/banks/russia/centre/moscow/8362/
Алтайский край;Романово;/banks/Altayskiy_kray/Romanovo/list/;Сбербанк России;1 место;/banks/bank/sberbank/
Алтайский край;Романово;/banks/Altayskiy_kray/Romanovo/list/;Россельхозбанк;6 место;/banks/bank/rshb/
Алтайский край;Романово;/banks/Altayskiy_kray/Romanovo/list/;Совкомбанк;20 место;/banks/bank/sovcombank/
Алтайский край;Рубцовск;/banks/Altayskiy_kray/Rubtssovsk/list/;Сбербанк России;1 место;/banks/bank/sberbank/
Алтайский край;Рубцовск;/banks/Altayskiy_kray/Rubtssovsk/list/;ВТБ 24;5 место;/banks/bank/vtb24/
Алтайский край;Рубцовск;/banks/Altayskiy_kray/Rubtssovsk/list/;Россельхозбанк;6 место;/banks/bank/rshb/
Алтайский край;Рубцовск;/banks/Altayskiy_kray/Rubtssovsk/list/;Совкомбанк;20 место;/banks/bank/sovcombank/
Алтайский край;Рубцовск;/banks/Altayskiy_kray/Rubtssovsk/list/;Национальный Банк «Траст»;30 место;/banks/bank/trust/
Алтайский край;Рубцовск;/banks/Altayskiy_kray/Rubtssovsk/list/;МДМ Банк;32 место;/banks/bank/mdmbank/
Алтайский край;Рубцовск;/banks/Altayskiy_kray/Rubtssovsk/list/;Allbanks.ru;56 место;http://www.allbanks.ru/banks/russia/centre/moscow/8362/
Алтайский край;Рубцовск;/banks/Altayskiy_kray/Rubtssovsk/list/;Русфинанс Банк;70 место;/banks/bank/rusfinancebank/
Алтайский край;Рубцовск;/banks/Altayskiy_kray/Rubtssovsk/list/;Лето Банк;85 место;/banks/bank/letobank/
Алтайский край;Рубцовск;/banks/Altayskiy_kray/Rubtssovsk/list/;ФорБанк;351 место;/banks/bank/forbank/
Алтайский край;Рубцовск;/banks/Altayskiy_kray/Rubtssovsk/list/;Алтайкапиталбанк;428 место;/banks/bank/altaycapitalbank/
Алтайский край;Рубцовск;/banks/Altayskiy_kray/Rubtssovsk/list/;АлтайБизнес-Банк;643 место;/banks/bank/altaybusinessbank/
Алтайский край;Саввушка;/banks/Altayskiy_kray/Savvusshka/list/;Сбербанк России;1 место;/banks/bank/sberbank/
Алтайский край;Сибирский;/banks/Altayskiy_kray/Sibirskiy/list/;Сбербанк России;1 место;/banks/bank/sberbank/
Алтайский край;Сибирский;/banks/Altayskiy_kray/Sibirskiy/list/;ВТБ 24;5 место;/banks/bank/vtb24/
Алтайский край;Славгород;/banks/Altayskiy_kray/Slavgorod/list/;Сбербанк России;1 место;/banks/bank/sberbank/
Алтайский край;Славгород;/banks/Altayskiy_kray/Slavgorod/list/;Россельхозбанк;6 место;/banks/bank/rshb/
Алтайский край;Славгород;/banks/Altayskiy_kray/Slavgorod/list/;Росбанк;13 место;/banks/bank/rosbank/
Алтайский край;Славгород;/banks/Altayskiy_kray/Slavgorod/list/;Совкомбанк;20 место;/banks/bank/sovcombank/
Алтайский край;Славгород;/banks/Altayskiy_kray/Slavgorod/list/;Allbanks.ru;56 место;http://www.allbanks.ru/banks/russia/centre/moscow/8362/
Алтайский край;Смоленское;/banks/Altayskiy_kray/Smolenskoe/list/;Сбербанк России;1 место;/banks/bank/sberbank/
Алтайский край;Смоленское;/banks/Altayskiy_kray/Smolenskoe/list/;Совкомбанк;20 место;/banks/bank/sovcombank/
Алтайский край;Советское;/banks/Altayskiy_kray/Sovetskoe/list/;Сбербанк России;1 место;/banks/bank/sberbank/
Алтайский край;Советское;/banks/Altayskiy_kray/Sovetskoe/list/;Россельхозбанк;6 место;/banks/bank/rshb/
Алтайский край;Советское;/banks/Altayskiy_kray/Sovetskoe/list/;Совкомбанк;20 место;/banks/bank/sovcombank/
Алтайский край;Солонешное;/banks/Altayskiy_kray/Solonesshnoe/list/;Сбербанк России;1 место;/banks/bank/sberbank/
Алтайский край;Солонешное;/banks/Altayskiy_kray/Solonesshnoe/list/;Совкомбанк;20 место;/banks/bank/sovcombank/
Алтайский край;Солтон;/banks/Altayskiy_kray/Solton/list/;Сбербанк России;1 место;/banks/bank/sberbank/
Алтайский край;Староалейское;/banks/Altayskiy_kray/Staroaleyskoe/list/;Сбербанк России;1 место;/banks/bank/sberbank/
Алтайский край;Староалейское;/banks/Altayskiy_kray/Staroaleyskoe/list/;Совкомбанк;20 место;/banks/bank/sovcombank/
Алтайский край;Степное Озеро;/banks/Altayskiy_kray/Stepnoe_Ozero/list/;Сбербанк России;1 место;/banks/bank/sberbank/
Алтайский край;Степное Озеро;/banks/Altayskiy_kray/Stepnoe_Ozero/list/;Совкомбанк;20 место;/banks/bank/sovcombank/
Алтайский край;Табуны;/banks/Altayskiy_kray/Tabunyi/list/;Сбербанк России;1 место;/banks/bank/sberbank/
Алтайский край;Табуны;/banks/Altayskiy_kray/Tabunyi/list/;Совкомбанк;20 место;/banks/bank/sovcombank/
Алтайский край;Тальменка;/banks/Altayskiy_kray/Tal~menka/list/;Сбербанк России;1 место;/banks/bank/sberbank/
Алтайский край;Тальменка;/banks/Altayskiy_kray/Tal~menka/list/;Россельхозбанк;6 место;/banks/bank/rshb/
Алтайский край;Тальменка;/banks/Altayskiy_kray/Tal~menka/list/;Совкомбанк;20 место;/banks/bank/sovcombank/
Алтайский край;Тальменка;/banks/Altayskiy_kray/Tal~menka/list/;Allbanks.ru;56 место;http://www.allbanks.ru/banks/russia/centre/moscow/8362/
Алтайский край;Тальменка;/banks/Altayskiy_kray/Tal~menka/list/;ФорБанк;351 место;/banks/bank/forbank/
Алтайский край;Тогул;/banks/Altayskiy_kray/Togul/list/;Сбербанк России;1 место;/banks/bank/sberbank/
Алтайский край;Тогул;/banks/Altayskiy_kray/Togul/list/;Россельхозбанк;6 место;/banks/bank/rshb/
Алтайский край;Тогул;/banks/Altayskiy_kray/Togul/list/;Совкомбанк;20 место;/banks/bank/sovcombank/
Алтайский край;Топчиха;/banks/Altayskiy_kray/Topchiha/list/;Сбербанк России;1 место;/banks/bank/sberbank/
Алтайский край;Топчиха;/banks/Altayskiy_kray/Topchiha/list/;Россельхозбанк;6 место;/banks/bank/rshb/
Алтайский край;Топчиха;/banks/Altayskiy_kray/Topchiha/list/;Совкомбанк;20 место;/banks/bank/sovcombank/
Алтайский край;Топчиха;/banks/Altayskiy_kray/Topchiha/list/;Allbanks.ru;56 место;http://www.allbanks.ru/banks/russia/centre/moscow/8362/
Алтайский край;Троицкое;/banks/Altayskiy_kray/Troitsskoe/list/;Сбербанк России;1 место;/banks/bank/sberbank/
Алтайский край;Троицкое;/banks/Altayskiy_kray/Troitsskoe/list/;Совкомбанк;20 место;/banks/bank/sovcombank/
Алтайский край;Троицкое;/banks/Altayskiy_kray/Troitsskoe/list/;Allbanks.ru;56 место;http://www.allbanks.ru/banks/russia/centre/moscow/8362/
Алтайский край;Тюменцево;/banks/Altayskiy_kray/Tyumentssevo/list/;Сбербанк России;1 место;/banks/bank/sberbank/
Алтайский край;Тюменцево;/banks/Altayskiy_kray/Tyumentssevo/list/;Совкомбанк;20 место;/banks/bank/sovcombank/
Алтайский край;Угловское;/banks/Altayskiy_kray/Uglovskoe/list/;Сбербанк России;1 место;/banks/bank/sberbank/
Алтайский край;Угловское;/banks/Altayskiy_kray/Uglovskoe/list/;Россельхозбанк;6 место;/banks/bank/rshb/
Алтайский край;Угловское;/banks/Altayskiy_kray/Uglovskoe/list/;Совкомбанк;20 место;/banks/bank/sovcombank/
Алтайский край;Усть-Калманка;/banks/Altayskiy_kray/Ust~-Kalmanka/list/;Сбербанк России;1 место;/banks/bank/sberbank/
Алтайский край;Усть-Калманка;/banks/Altayskiy_kray/Ust~-Kalmanka/list/;Россельхозбанк;6 место;/banks/bank/rshb/
Алтайский край;Усть-Калманка;/banks/Altayskiy_kray/Ust~-Kalmanka/list/;Совкомбанк;20 место;/banks/bank/sovcombank/
Алтайский край;Усть-Чарышская Пристань;/banks/Altayskiy_kray/Ust~-Charyisshskaya_Pristan~/list/;Сбербанк России;1 место;/banks/bank/sberbank/
Алтайский край;Усть-Чарышская Пристань;/banks/Altayskiy_kray/Ust~-Charyisshskaya_Pristan~/list/;Совкомбанк;20 место;/banks/bank/sovcombank/
Алтайский край;Хабары;/banks/Altayskiy_kray/Habaryi/list/;Сбербанк России;1 место;/banks/bank/sberbank/
Алтайский край;Хабары;/banks/Altayskiy_kray/Habaryi/list/;Россельхозбанк;6 место;/banks/bank/rshb/
Алтайский край;Хабары;/banks/Altayskiy_kray/Habaryi/list/;Совкомбанк;20 место;/banks/bank/sovcombank/
Алтайский край;Целинное;/banks/Altayskiy_kray/Tselinnoe/list/;Сбербанк России;1 место;/banks/bank/sberbank/
Алтайский край;Целинное;/banks/Altayskiy_kray/Tselinnoe/list/;Совкомбанк;20 место;/banks/bank/sovcombank/
Алтайский край;Чарышское;/banks/Altayskiy_kray/Charyisshskoe/list/;Сбербанк России;1 место;/banks/bank/sberbank/
Алтайский край;Чарышское;/banks/Altayskiy_kray/Charyisshskoe/list/;Россельхозбанк;6 место;/banks/bank/rshb/
Алтайский край;Чарышское;/banks/Altayskiy_kray/Charyisshskoe/list/;Совкомбанк;20 место;/banks/bank/sovcombank/
Алтайский край;Черемушкино;/banks/Altayskiy_kray/Cheremusshkino/list/;Сбербанк России;1 место;/banks/bank/sberbank/
Алтайский край;Шелаболиха;/banks/Altayskiy_kray/Shelaboliha/list/;Сбербанк России;1 место;/banks/bank/sberbank/
Алтайский край;Шелаболиха;/banks/Altayskiy_kray/Shelaboliha/list/;Совкомбанк;20 место;/banks/bank/sovcombank/
Алтайский край;Шипуново;/banks/Altayskiy_kray/Shipunovo/list/;Сбербанк России;1 место;/banks/bank/sberbank/
Алтайский край;Шипуново;/banks/Altayskiy_kray/Shipunovo/list/;Россельхозбанк;6 место;/banks/bank/rshb/
Алтайский край;Шипуново;/banks/Altayskiy_kray/Shipunovo/list/;Совкомбанк;20 место;/banks/bank/sovcombank/
Алтайский край;Шипуново;/banks/Altayskiy_kray/Shipunovo/list/;Allbanks.ru;56 место;http://www.allbanks.ru/banks/russia/centre/moscow/8362/
Алтайский край;Яровое;/banks/Altayskiy_kray/Yarovoe/list/;Сбербанк России;1 место;/banks/bank/sberbank/
Алтайский край;Яровое;/banks/Altayskiy_kray/Yarovoe/list/;Совкомбанк;20 место;/banks/bank/sovcombank/
Амурская область;Архара;/banks/Amurskaya_oblast~/Arhara/list/;Сбербанк России;1 место;/banks/bank/sberbank/
Амурская область;Архара;/banks/Amurskaya_oblast~/Arhara/list/;Россельхозбанк;6 место;/banks/bank/rshb/
Амурская область;Архара;/banks/Amurskaya_oblast~/Arhara/list/;Совкомбанк;20 место;/banks/bank/sovcombank/
Амурская область;Белогорск;/banks/Amurskaya_oblast~/Belogorsk/list/;Сбербанк России;1 место;/banks/bank/sberbank/
Амурская область;Белогорск;/banks/Amurskaya_oblast~/Belogorsk/list/;ВТБ 24;5 место;/banks/bank/vtb24/
Амурская область;Белогорск;/banks/Amurskaya_oblast~/Belogorsk/list/;Россельхозбанк;6 место;/banks/bank/rshb/
Амурская область;Белогорск;/banks/Amurskaya_oblast~/Belogorsk/list/;Росбанк;13 место;/banks/bank/rosbank/
Амурская область;Белогорск;/banks/Amurskaya_oblast~/Belogorsk/list/;Совкомбанк;20 место;/banks/bank/sovcombank/
Амурская область;Белогорск;/banks/Amurskaya_oblast~/Belogorsk/list/;Восточный Экспресс Банк;39 место;/banks/bank/v-express-bank/
Амурская область;Белогорск;/banks/Amurskaya_oblast~/Belogorsk/list/;МТС Банк;46 место;/banks/bank/mts-bank/
Амурская область;Белогорск;/banks/Amurskaya_oblast~/Belogorsk/list/;Азиатско-Тихоокеанский Банк;53 место;/banks/bank/atb/
Амурская область;Белогорск;/banks/Amurskaya_oblast~/Belogorsk/list/;Allbanks.ru;56 место;http://www.allbanks.ru/banks/russia/centre/moscow/8362/
Амурская область;Белогорск;/banks/Amurskaya_oblast~/Belogorsk/list/;Allbanks.ru;206 место;http://www.allbanks.ru/banks/russia/centre/moscow/173689/
Амурская область;Белогорье;/banks/Amurskaya_oblast~/Belogor~e/list/;Allbanks.ru;206 место;http://www.allbanks.ru/banks/russia/centre/moscow/173689/
Амурская область;Березовка;/banks/Amurskaya_oblast~/Berezovka/list/;Сбербанк России;1 место;/banks/bank/sberbank/
Амурская область;Благовещенск;/banks/Blagovesschensk/list/;Сбербанк России;1 место;/banks/bank/sberbank/
Амурская область;Благовещенск;/banks/Blagovesschensk/list/;ВТБ;2 место;/banks/bank/vtb/
Амурская область;Благовещенск;/banks/Blagovesschensk/list/;Газпромбанк;3 место;/banks/bank/gazprombank/
Амурская область;Благовещенск;/banks/Blagovesschensk/list/;ФК Открытие;4 место;/banks/bank/fk_otkritie/
Амурская область;Благовещенск;/banks/Blagovesschensk/list/;ВТБ 24;5 место;/banks/bank/vtb24/
Амурская область;Благовещенск;/banks/Blagovesschensk/list/;Россельхозбанк;6 место;/banks/bank/rshb/
Амурская область;Благовещенск;/banks/Blagovesschensk/list/;Промсвязьбанк;11 место;/banks/bank/promsvyazbank/
Амурская область;Благовещенск;/banks/Blagovesschensk/list/;Росбанк;13 место;/banks/bank/rosbank/
Амурская область;Благовещенск;/banks/Blagovesschensk/list/;Бинбанк;15 место;/banks/bank/binbank/
Амурская область;Благовещенск;/banks/Blagovesschensk/list/;Ханты-Мансийский банк Открытие;18 место;/banks/bank/khmb/
Амурская область;Благовещенск;/banks/Blagovesschensk/list/;Совкомбанк;20 место;/banks/bank/sovcombank/
Амурская область;Благовещенск;/banks/Blagovesschensk/list/;Рост Банк;24 место;/banks/bank/rostbank/
Амурская область;Благовещенск;/banks/Blagovesschensk/list/;Связь-Банк;27 место;/banks/bank/sviaz-bank/
Амурская область;Благовещенск;/banks/Blagovesschensk/list/;МДМ Банк;32 место;/banks/bank/mdmbank/
Амурская область;Благовещенск;/banks/Blagovesschensk/list/;Хоум Кредит Банк;38 место;/banks/bank/homecreditbank/
Амурская область;Бурея;/banks/Amurskaya_oblast~/Bureya/list/;Сбербанк России;1 место;/banks/bank/sberbank/
Амурская область;Бурея;/banks/Amurskaya_oblast~/Bureya/list/;ВТБ 24;5 место;/banks/bank/vtb24/
Амурская область;Варваровка;/banks/Amurskaya_oblast~/Varvarovka/list/;Сбербанк России;1 место;/banks/bank/sberbank/
Амурская область;Дипкун;/banks/Amurskaya_oblast~/Dipkun/list/;Сбербанк России;1 место;/banks/bank/sberbank/
Амурская область;Екатеринославка;/banks/Amurskaya_oblast~/Ekaterinoslavka/list/;Сбербанк России;1 место;/banks/bank/sberbank/
Амурская область;Екатеринославка;/banks/Amurskaya_oblast~/Ekaterinoslavka/list/;Россельхозбанк;6 место;/banks/bank/rshb/
Амурская область;Ерофей Павлович;/banks/Amurskaya_oblast~/Erofey_Pavlovich/list/;Сбербанк России;1 место;/banks/bank/sberbank/
Амурская область;Ерофей Павлович;/banks/Amurskaya_oblast~/Erofey_Pavlovich/list/;ВТБ 24;5 место;/banks/bank/vtb24/
Амурская область;Завитинск;/banks/Amurskaya_oblast~/Zavitinsk/list/;Сбербанк России;1 место;/banks/bank/sberbank/
Амурская область;Завитинск;/banks/Amurskaya_oblast~/Zavitinsk/list/;ВТБ 24;5 место;/banks/bank/vtb24/
Амурская область;Завитинск;/banks/Amurskaya_oblast~/Zavitinsk/list/;Россельхозбанк;6 место;/banks/bank/rshb/
Амурская область;Завитинск;/banks/Amurskaya_oblast~/Zavitinsk/list/;Совкомбанк;20 место;/banks/bank/sovcombank/
Амурская область;Завитинск;/banks/Amurskaya_oblast~/Zavitinsk/list/;Восточный Экспресс Банк;39 место;/banks/bank/v-express-bank/
Амурская область;Завитинск;/banks/Amurskaya_oblast~/Zavitinsk/list/;Азиатско-Тихоокеанский Банк;53 место;/banks/bank/atb/
Амурская область;Завитинск;/banks/Amurskaya_oblast~/Zavitinsk/list/;Allbanks.ru;56 место;http://www.allbanks.ru/banks/russia/centre/moscow/8362/
Амурская область;Зея;/banks/Amurskaya_oblast~/Zeya/list/;Сбербанк России;1 место;/banks/bank/sberbank/
Амурская область;Зея;/banks/Amurskaya_oblast~/Zeya/list/;Россельхозбанк;6 место;/banks/bank/rshb/
Амурская область;Зея;/banks/Amurskaya_oblast~/Zeya/list/;Росбанк;13 место;/banks/bank/rosbank/
Амурская область;Зея;/banks/Amurskaya_oblast~/Zeya/list/;Совкомбанк;20 место;/banks/bank/sovcombank/
Амурская область;Зея;/banks/Amurskaya_oblast~/Zeya/list/;Восточный Экспресс Банк;39 место;/banks/bank/v-express-bank/
Амурская область;Зея;/banks/Amurskaya_oblast~/Zeya/list/;Азиатско-Тихоокеанский Банк;53 место;/banks/bank/atb/
Амурская область;Ивановка;/banks/Amurskaya_oblast~/Ivanovka/list/;Сбербанк России;1 место;/banks/bank/sberbank/
Амурская область;Ивановка;/banks/Amurskaya_oblast~/Ivanovka/list/;Россельхозбанк;6 место;/banks/bank/rshb/
Амурская область;Ивановка;/banks/Amurskaya_oblast~/Ivanovka/list/;Совкомбанк;20 место;/banks/bank/sovcombank/
Амурская область;Константиновка;/banks/Amurskaya_oblast~/Konstantinovka/list/;Сбербанк России;1 место;/banks/bank/sberbank/
Амурская область;Константиновка;/banks/Amurskaya_oblast~/Konstantinovka/list/;Россельхозбанк;6 место;/banks/bank/rshb/
Амурская область;Константиновка;/banks/Amurskaya_oblast~/Konstantinovka/list/;Совкомбанк;20 место;/banks/bank/sovcombank/
